"Product","Customer","Qtr 1","Qtr 2","Qtr 3","Qtr 4"
"Alice Mutton","ANTON","","$702.00","",""
"Alice Mutton","BERGS","$312.00","","",""
"Alice Mutton","BOLID","","","","$1,170.00"
"Alice Mutton","BOTTM","$1,170.00","","",""
"Alice Mutton","ERNSH","$1,123.20","","","$2,607.15"
"Alice Mutton","GODOS","","$280.80","",""
"Alice Mutton","HUNGC","$62.40","","",""
"Alice Mutton","PICCO","","$1,560.00","$936.00",""
"Alice Mutton","RATTC","","$592.80","",""
"Alice Mutton","REGGC","","","","$741.00"
"Alice Mutton","SAVEA","","","$3,900.00","$789.75"
"Alice Mutton","SEVES","","$877.50","",""
"Alice Mutton","WHITC","","","","$780.00"
"Aniseed Syrup","ALFKI","","","","$60.00"
"Aniseed Syrup","BOTTM","","","","$200.00"
"Aniseed Syrup","ERNSH","","","","$180.00"
"Aniseed Syrup","LINOD","$544.00","","",""
"Aniseed Syrup","QUICK","","$600.00","",""
"Aniseed Syrup","VAFFE","","","$140.00",""
"Boston Crab Meat","ANTON","","$165.60","",""
"Boston Crab Meat","BERGS","","$920.00","",""
"Boston Crab Meat","BONAP","","$248.40","$524.40",""
"Boston Crab Meat","BOTTM","$551.25","","",""
"Boston Crab Meat","BSBEV","$147.00","","",""
"Boston Crab Meat","FRANS","","","","$18.40"
"Boston Crab Meat","HILAA","","$92.00","$1,104.00",""
"Boston Crab Meat","LAZYK","$147.00","","",""
"Boston Crab Meat","LEHMS","","$515.20","",""
"Boston Crab Meat","MAGAA","","","","$55.20"
"Boston Crab Meat","OTTIK","","","$368.00",""
"Boston Crab Meat","PERIC","$308.70","","",""
"Boston Crab Meat","QUEEN","$26.46","","$419.52","$110.40"
"Boston Crab Meat","QUICK","","","$1,223.60",""
"Boston Crab Meat","RANCH","$294.00","","",""
"Boston Crab Meat","SAVEA","","","$772.80","$736.00"
"Boston Crab Meat","TRAIH","","$36.80","",""
"Boston Crab Meat","VAFFE","$294.00","","","$736.00"
"Camembert Pierrot","ANATR","","","$340.00",""
"Camembert Pierrot","AROUT","","","","$510.00"
"Camembert Pierrot","BERGS","","","$680.00",""
"Camembert Pierrot","BOTTM","","","","$1,700.00"
"Camembert Pierrot","CHOPS","","$323.00","",""
"Camembert Pierrot","FAMIA","","$346.80","",""
"Camembert Pierrot","FRANK","","","$612.00",""
"Camembert Pierrot","FURIB","$544.00","","",""
"Camembert Pierrot","GOURL","","","","$340.00"
"Camembert Pierrot","LEHMS","","$892.50","",""
"Camembert Pierrot","MEREP","","","$2,261.00",""
"Camembert Pierrot","OTTIK","","","$1,020.00",""
"Camembert Pierrot","QUEEN","","","","$510.00"
"Camembert Pierrot","QUICK","","$2,427.60","$1,776.50",""
"Camembert Pierrot","RICAR","$1,088.00","","",""
"Camembert Pierrot","RICSU","$1,550.40","","",""
"Camembert Pierrot","SAVEA","","","$2,380.00",""
"Camembert Pierrot","WARTH","","$693.60","",""
"Camembert Pierrot","WOLZA","","","$510.00",""
"Carnarvon Tigers","BLONP","","$956.25","",""
"Carnarvon Tigers","BONAP","$1,500.00","","",""
"Carnarvon Tigers","FOLIG","","","$3,125.00","$1,875.00"
"Carnarvon Tigers","HANAR","","","$1,250.00",""
"Carnarvon Tigers","HUNGO","","$1,406.25","",""
"Carnarvon Tigers","LETSS","","","","$562.50"
"Carnarvon Tigers","QUICK","","","$2,000.00","$1,500.00"
"Carnarvon Tigers","SANTG","","","$500.00",""
"Carnarvon Tigers","SPLIR","","","","$1,050.00"
"Carnarvon Tigers","WELLI","","","$225.00",""
"Chai","BERGS","","","","$472.50"
"Chai","BLONP","","","$450.00",""
"Chai","DUMON","","","$54.00",""
"Chai","HUNGO","","","$202.50",""
"Chai","LAMAI","$345.60","","",""
"Chai","LEHMS","","$576.00","",""
"Chai","LINOD","","","","$900.00"
"Chai","MEREP","","","$360.00",""
"Chai","NORTS","","","","$144.00"
"Chai","PRINI","$216.00","","",""
"Chai","QUEEN","$144.00","","",""
"Chai","QUICK","","","","$540.00"
"Chai","SAVEA","","","","$72.00"
"Chai","TORTU","","$180.00","",""
"Chai","WARTH","","$122.40","",""
"Chai","WOLZA","","","$108.00",""
"Chang","AROUT","","","","$228.00"
"Chang","CONSH","$152.00","","",""
"Chang","FOLKO","","","","$95.00"
"Chang","HILAA","","","$950.00",""
"Chang","LAMAI","","","","$270.75"
"Chang","LINOD","$273.60","","",""
"Chang","OTTIK","","","","$760.00"
"Chang","QUICK","$912.00","","",""
"Chang","RICAR","","","$380.00",""
"Chang","SAVEA","$581.40","","","$484.50"
"Chang","VICTE","","","","$285.00"
"Chang","WANDK","","","$541.50",""
"Chang","WHITC","$516.80","$228.00","",""
"Chang","WOLZA","","","$190.00","$190.00"
"Chartreuse verte","ALFKI","","","$283.50",""
"Chartreuse verte","BERGS","$86.40","","$324.00",""
"Chartreuse verte","BLAUS","","","$90.00",""
"Chartreuse verte","ERNSH","","","","$2,106.00"
"Chartreuse verte","FOLKO","","","","$288.00"
"Chartreuse verte","HUNGO","","","$43.20",""
"Chartreuse verte","MAGAA","","","","$30.60"
"Chartreuse verte","OTTIK","","$180.00","",""
"Chartreuse verte","PRINI","$216.00","","",""
"Chartreuse verte","QUEDE","","","$360.00",""
"Chartreuse verte","TRAIH","","$180.00","",""
"Chartreuse verte","WARTH","$288.00","","",""
"Chef Anton's Cajun Seasoning","BERGS","","","$237.60",""
"Chef Anton's Cajun Seasoning","BONAP","","$935.00","",""
"Chef Anton's Cajun Seasoning","EASTC","","","","$550.00"
"Chef Anton's Cajun Seasoning","FOLKO","","$1,045.00","",""
"Chef Anton's Cajun Seasoning","FURIB","$225.28","","",""
"Chef Anton's Cajun Seasoning","MAGAA","","","$198.00",""
"Chef Anton's Cajun Seasoning","QUEEN","","","","$132.00"
"Chef Anton's Cajun Seasoning","QUICK","","$990.00","",""
"Chef Anton's Cajun Seasoning","TRADH","","","$352.00",""
"Chef Anton's Cajun Seasoning","WARTH","","","$550.00",""
"Chef Anton's Gumbo Mix","MAGAA","","","$288.22",""
"Chef Anton's Gumbo Mix","THEBI","","","","$85.40"
"Chocolade","ANTON","","$162.56","",""
"Chocolade","AROUT","$137.70","","",""
"Chocolade","ERNSH","$606.90","","",""
"Chocolade","FURIB","","","$68.85",""
"Chocolade","QUEEN","","","","$306.00"
"Côte de Blaye","BERGS","","","$3,557.25",""
"Côte de Blaye","GREAL","","","$3,754.87",""
"Côte de Blaye","HANAR","","$948.60","","$1,317.50"
"Côte de Blaye","MEREP","$8,263.36","","",""
"Côte de Blaye","QUICK","","$7,905.00","",""
"Côte de Blaye","RATTC","$6,324.00","","",""
"Côte de Blaye","SIMOB","$10,540.00","","",""
"Côte de Blaye","THEBI","","","","$2,635.00"
"Côte de Blaye","TORTU","","$3,952.50","",""
"Escargots de Bourgogne","FRANK","","","$397.50",""
"Escargots de Bourgogne","HUNGO","","","$519.40",""
"Escargots de Bourgogne","LINOD","","","","$298.13"
"Escargots de Bourgogne","OLDWO","","","$397.50",""
"Escargots de Bourgogne","RICSU","","$265.00","",""
"Escargots de Bourgogne","SAVEA","","","","$119.25"
"Escargots de Bourgogne","WARTH","","","$79.50",""
"Filo Mix","AROUT","","$210.00","","$56.00"
"Filo Mix","BERGS","","","","$175.00"
"Filo Mix","BLONP","$112.00","","",""
"Filo Mix","DUMON","","","$63.00",""
"Filo Mix","FAMIA","","","","$28.00"
"Filo Mix","LAUGB","","","$35.00",""
"Filo Mix","NORTS","","$42.00","",""
"Filo Mix","OLDWO","","","$168.00",""
"Filo Mix","REGGC","","","$23.80",""
"Filo Mix","RICAR","","$490.00","",""
"Filo Mix","RICSU","","","","$420.00"
"Filo Mix","TOMSP","$75.60","","",""
"Filo Mix","VAFFE","","","","$99.75"
"Filo Mix","VINET","","","","$126.00"
"Fløtemysost","AROUT","","","","$258.00"
"Fløtemysost","BERGS","","","$688.00",""
"Fløtemysost","BONAP","","","","$645.00"
"Fløtemysost","ERNSH","","","$240.80","$344.00"
"Fløtemysost","GREAL","","","$306.37",""
"Fløtemysost","HANAR","","$174.15","",""
"Fløtemysost","HUNGO","","","$483.75","$365.50"
"Fløtemysost","ISLAT","$206.40","","$322.50",""
"Fløtemysost","MEREP","","","$306.37",""
"Fløtemysost","OTTIK","$258.00","","",""
"Fløtemysost","QUEDE","","","","$172.00"
"Fløtemysost","RATTC","$1,032.00","","$193.50",""
"Fløtemysost","RICAR","$34.40","","",""
"Fløtemysost","SAVEA","","","","$1,032.00"
"Fløtemysost","SUPRD","$860.00","","",""
"Fløtemysost","WARTH","$516.00","","",""
"Geitost","ANTON","","","$92.00",""
"Geitost","BOTTM","$98.00","","",""
"Geitost","BSBEV","","$37.50","",""
"Geitost","FAMIA","$100.00","","",""
"Geitost","GREAL","","$16.00","",""
"Geitost","HUNGC","$40.00","","",""
"Geitost","ISLAT","$24.00","","",""
"Geitost","LAMAI","$32.00","","",""
"Geitost","LEHMS","","$75.00","",""
"Geitost","QUICK","","$34.00","",""
"Geitost","REGGC","","$45.00","",""
"Geitost","SAVEA","","","$110.00",""
"Geitost","TRAIH","","$35.00","",""
"Geitost","WANDK","","","$47.50",""
"Genen Shouyu","LAMAI","","$176.70","",""
"Genen Shouyu","LEHMS","","","$368.12",""
"Genen Shouyu","LETSS","","$155.00","",""
"Genen Shouyu","SAVEA","","","$775.00",""
"Gnocchi di nonna Alice","BLONP","$1,094.40","","",""
"Gnocchi di nonna Alice","BONAP","","","","$855.00"
"Gnocchi di nonna Alice","BSBEV","$608.00","","",""
"Gnocchi di nonna Alice","CHOPS","","$1,520.00","",""
"Gnocchi di nonna Alice","COMMI","","$912.00","",""
"Gnocchi di nonna Alice","ERNSH","$912.00","$2,660.00","",""
"Gnocchi di nonna Alice","FOLKO","","","","$2,280.00"
"Gnocchi di nonna Alice","FURIB","$729.60","","$387.60",""
"Gnocchi di nonna Alice","GALED","$152.00","","",""
"Gnocchi di nonna Alice","GOURL","","","","$646.00"
"Gnocchi di nonna Alice","GREAL","","","$532.00",""
"Gnocchi di nonna Alice","HANAR","","","","$570.00"
"Gnocchi di nonna Alice","HUNGO","","","","$1,140.00"
"Gnocchi di nonna Alice","ISLAT","","","","$570.00"
"Gnocchi di nonna Alice","LEHMS","","$425.60","",""
"Gnocchi di nonna Alice","MEREP","","$2,166.00","$760.00",""
"Gnocchi di nonna Alice","PRINI","$851.20","","",""
"Gnocchi di nonna Alice","QUEEN","","","$2,166.00",""
"Gnocchi di nonna Alice","RATTC","$2,128.00","","",""
"Gnocchi di nonna Alice","REGGC","","","","$361.00"
"Gnocchi di nonna Alice","SAVEA","","$1,216.00","$1,710.00","$1,577.00"
"Gnocchi di nonna Alice","SUPRD","$456.00","","",""
"Gnocchi di nonna Alice","TOMSP","","","$1,064.00",""
"Gnocchi di nonna Alice","WARTH","","$969.00","","$608.00"
"Gnocchi di nonna Alice","WHITC","","","$152.00","$425.60"
"Gorgonzola Telino","AROUT","","","","$625.00"
"Gorgonzola Telino","BLONP","","$593.75","",""
"Gorgonzola Telino","BONAP","","","","$35.62"
"Gorgonzola Telino","CACTU","","","","$12.50"
"Gorgonzola Telino","ERNSH","","","","$890.00"
"Gorgonzola Telino","FOLKO","","","","$18.75"
"Gorgonzola Telino","GOURL","$140.00","","",""
"Gorgonzola Telino","HANAR","","","","$125.00"
"Gorgonzola Telino","HILAA","","","","$250.00"
"Gorgonzola Telino","HUNGO","","$600.00","",""
"Gorgonzola Telino","LEHMS","","$250.00","",""
"Gorgonzola Telino","OLDWO","","","$187.50",""
"Gorgonzola Telino","PICCO","","","","$100.00"
"Gorgonzola Telino","QUEEN","","","$237.50",""
"Gorgonzola Telino","QUICK","","$584.37","",""
"Gorgonzola Telino","RATTC","","$421.25","",""
"Gorgonzola Telino","RICSU","","$375.00","",""
"Gorgonzola Telino","SAVEA","","","","$625.00"
"Gorgonzola Telino","SUPRD","$297.50","","",""
"Gorgonzola Telino","TOMSP","$27.00","","",""
"Gorgonzola Telino","TORTU","","$250.00","",""
"Gorgonzola Telino","TRADH","","$190.00","",""
"Gorgonzola Telino","WANDK","","","$90.00",""
"Gorgonzola Telino","WARTH","","$375.00","",""
"Grandma's Boysenberry Spread","GOURL","","","","$750.00"
"Grandma's Boysenberry Spread","MEREP","","","$1,750.00",""
"Gravad lax","FOLIG","$208.00","","",""
"Gravad lax","SEVES","","$421.20","",""
"Guaraná Fantástica","FAMIA","","$38.25","",""
"Guaraná Fantástica","FOLIG","","","","$90.00"
"Guaraná Fantástica","FRANK","","","$13.50",""
"Guaraná Fantástica","HANAR","","$141.75","",""
"Guaraná Fantástica","HILAA","","$63.00","",""
"Guaraná Fantástica","KOENE","","","","$76.50"
"Guaraná Fantástica","LAUGB","","","$22.50",""
"Guaraná Fantástica","MAGAA","$100.80","","",""
"Guaraná Fantástica","MEREP","","$101.25","",""
"Guaraná Fantástica","PICCO","","","$126.00",""
"Guaraná Fantástica","QUEEN","","","","$157.50"
"Guaraná Fantástica","RICAR","","","$57.37",""
"Guaraná Fantástica","SANTG","","$36.00","",""
"Guaraná Fantástica","SAVEA","","$64.80","",""
"Guaraná Fantástica","SEVES","$273.60","","",""
"Guaraná Fantástica","TOMSP","$64.80","","",""
"Guaraná Fantástica","TORTU","","$22.50","",""
"Guaraná Fantástica","VAFFE","$90.00","","",""
"Guaraná Fantástica","WILMK","","","","$90.00"
"Gudbrandsdalsost","BONAP","","","","$675.00"
"Gudbrandsdalsost","CHOPS","","","","$1,440.00"
"Gudbrandsdalsost","ERNSH","","","$3,051.00",""
"Gudbrandsdalsost","FRANK","","","","$855.00"
"Gudbrandsdalsost","HILAA","","$648.00","","$691.20"
"Gudbrandsdalsost","LAMAI","","$259.20","",""
"Gudbrandsdalsost","LEHMS","","","$576.00",""
"Gudbrandsdalsost","MAISD","","$360.00","",""
"Gudbrandsdalsost","NORTS","","","","$108.00"
"Gudbrandsdalsost","OTTIK","$432.00","","",""
"Gudbrandsdalsost","PICCO","","","","$1,080.00"
"Gudbrandsdalsost","RICSU","$547.20","","",""
"Gudbrandsdalsost","SPLIR","","","","$576.00"
"Gudbrandsdalsost","WANDK","","","$540.00",""
"Gudbrandsdalsost","WARTH","","$306.00","",""
"Gudbrandsdalsost","WHITC","","","","$918.00"
"Gula Malacca","BOTTM","$496.00","","",""
"Gula Malacca","FOLKO","","$194.50","",""
"Gula Malacca","FURIB","$197.62","$778.00","",""
"Gula Malacca","GREAL","","","$490.14",""
"Gula Malacca","HILAA","","","","$194.50"
"Gula Malacca","QUICK","","","","$1,701.87"
"Gula Malacca","SAVEA","$1,472.50","","",""
"Gula Malacca","THECR","","","$194.50",""
"Gula Malacca","TORTU","","$583.50","$408.45",""
"Gula Malacca","WHITC","$26.35","","",""
"Gumbär Gummibärchen","ANTON","","","$796.36",""
"Gumbär Gummibärchen","BERGS","$373.50","","",""
"Gumbär Gummibärchen","ERNSH","","","$929.09",""
"Gumbär Gummibärchen","FRANS","$49.80","","",""
"Gumbär Gummibärchen","HILAA","","","","$524.66"
"Gumbär Gummibärchen","LEHMS","","","$148.34",""
"Gumbär Gummibärchen","MAGAA","$709.65","","",""
"Gumbär Gummibärchen","PICCO","","","$468.45",""
"Gumbär Gummibärchen","QUEDE","$747.00","","$187.38",""
"Gumbär Gummibärchen","QUEEN","$747.00","","",""
"Gumbär Gummibärchen","QUICK","","$1,249.20","",""
"Gumbär Gummibärchen","RANCH","$149.40","","",""
"Gumbär Gummibärchen","RICSU","","","","$961.88"
"Gumbär Gummibärchen","SAVEA","","","","$936.90"
"Gumbär Gummibärchen","SPLIR","$249.00","","",""
"Gumbär Gummibärchen","SUPRD","$747.00","","",""
"Gumbär Gummibärchen","WHITC","","","","$468.45"
"Gustaf's Knäckebröd","AROUT","","","","$84.00"
"Gustaf's Knäckebröd","CONSH","$201.60","","",""
"Gustaf's Knäckebröd","FOLIG","","","","$126.00"
"Gustaf's Knäckebröd","MAGAA","","","$840.00",""
"Gustaf's Knäckebröd","MEREP","","","$840.00",""
"Gustaf's Knäckebröd","RICAR","","","$315.00",""
"Gustaf's Knäckebröd","SAVEA","","","$1,008.00",""
"Gustaf's Knäckebröd","WANDK","","","$315.00",""
"Gustaf's Knäckebröd","WARTH","","$504.00","",""
"Ikura","BERGS","","$62.00","",""
"Ikura","BLONP","$347.20","","",""
"Ikura","BONAP","","","","$651.00"
"Ikura","CHOPS","","$471.20","",""
"Ikura","DUMON","","","$310.00",""
"Ikura","FURIB","","","$632.40",""
"Ikura","GALED","","$155.00","",""
"Ikura","GOURL","","","$620.00",""
"Ikura","GROSR","","","","$310.00"
"Ikura","HUNGO","","","$418.50",""
"Ikura","MEREP","","","","$496.00"
"Ikura","SAVEA","","","$2,170.00","$558.00"
"Ikura","SEVES","","","","$1,116.00"
"Ikura","THECR","","","","$186.00"
"Ikura","TORTU","","","$62.00",""
"Ikura","VAFFE","","","","$502.20"
"Ikura","VICTE","$868.00","","",""
"Inlagd Sill","BONAP","","$570.00","",""
"Inlagd Sill","HANAR","","","$285.00",""
"Inlagd Sill","HUNGO","","","$85.50",""
"Inlagd Sill","KOENE","","","","$760.00"
"Inlagd Sill","LAMAI","","","$299.25",""
"Inlagd Sill","MAGAA","","","","$570.00"
"Inlagd Sill","QUEEN","$68.40","","",""
"Inlagd Sill","QUICK","","$513.00","",""
"Inlagd Sill","RICAR","","$475.00","",""
"Inlagd Sill","SAVEA","","","$1,045.00",""
"Inlagd Sill","SEVES","","$1,140.00","",""
"Inlagd Sill","SIMOB","","","$570.00",""
"Inlagd Sill","SPLIR","","","","$304.00"
"Inlagd Sill","THEBI","","","","$95.00"
"Inlagd Sill","VINET","","","","$114.00"
"Ipoh Coffee","ANTON","","$586.50","",""
"Ipoh Coffee","BERGS","","$2,760.00","",""
"Ipoh Coffee","FURIB","$110.40","","",""
"Ipoh Coffee","KOENE","$552.00","","",""
"Ipoh Coffee","MAISD","","","","$1,035.00"
"Ipoh Coffee","OLDWO","","","","$1,104.00"
"Ipoh Coffee","PICCO","","$1,150.00","",""
"Ipoh Coffee","QUICK","","","","$1,840.00"
"Ipoh Coffee","SUPRD","$736.00","","",""
"Ipoh Coffee","WELLI","","","$920.00",""
"Ipoh Coffee","WILMK","","","$276.00",""
"Jack's New England Clam Chowder","AROUT","","","","$135.10"
"Jack's New England Clam Chowder","BERGS","$231.00","","","$96.50"
"Jack's New England Clam Chowder","BLONP","","$110.01","",""
"Jack's New England Clam Chowder","BOTTM","$154.00","","",""
"Jack's New England Clam Chowder","CACTU","","$96.50","",""
"Jack's New England Clam Chowder","FAMIA","","","","$115.80"
"Jack's New England Clam Chowder","FRANK","","","","$183.35"
"Jack's New England Clam Chowder","GOURL","","","$38.60",""
"Jack's New England Clam Chowder","HUNGO","","$694.80","",""
"Jack's New England Clam Chowder","LAUGB","","$154.00","",""
"Jack's New England Clam Chowder","OTTIK","","$82.51","",""
"Jack's New England Clam Chowder","PICCO","","","","$337.75"
"Jack's New England Clam Chowder","REGGC","","","$154.40",""
"Jack's New England Clam Chowder","SAVEA","","","$1,389.60","$405.30"
"Jack's New England Clam Chowder","SEVES","","$52.11","",""
"Jack's New England Clam Chowder","TOMSP","","$135.10","",""
"Jack's New England Clam Chowder","VAFFE","","","","$275.02"
"Jack's New England Clam Chowder","VINET","","","","$115.80"
"Konbu","BSBEV","","$48.00","",""
"Konbu","CHOPS","","","","$36.00"
"Konbu","CONSH","$4.80","","",""
"Konbu","ERNSH","","","$66.30",""
"Konbu","HILAA","","","$403.20",""
"Konbu","KOENE","","","","$102.00"
"Konbu","OTTIK","","$60.00","",""
"Konbu","VINET","","","","$24.00"
"Konbu","WARTH","","$60.00","",""
"Konbu","WELLI","$8.64","","",""
"Lakkalikööri","ALFKI","","","","$270.00"
"Lakkalikööri","BLAUS","","$252.00","",""
"Lakkalikööri","BLONP","","$180.00","",""
"Lakkalikööri","BONAP","","","","$360.00"
"Lakkalikööri","FOLKO","$220.32","","",""
"Lakkalikööri","FURIB","","","$162.00",""
"Lakkalikööri","GOURL","","","","$360.00"
"Lakkalikööri","HUNGO","","","","$535.50"
"Lakkalikööri","ISLAT","","","","$180.00"
"Lakkalikööri","KOENE","","","$630.00",""
"Lakkalikööri","LAMAI","$417.60","","",""
"Lakkalikööri","LEHMS","","","$57.60",""
"Lakkalikööri","LONEP","","","$180.00",""
"Lakkalikööri","MORGK","","$180.00","",""
"Lakkalikööri","PICCO","","$900.00","",""
"Lakkalikööri","RATTC","","$540.00","",""
"Lakkalikööri","SAVEA","","","$1,440.00",""
"Lakkalikööri","SUPRD","$514.08","","",""
"Laughing Lumberjack Lager","FRANK","","","$350.00",""
"Laughing Lumberjack Lager","LONEP","","$98.00","",""
"Laughing Lumberjack Lager","PERIC","","$420.00","",""
"Laughing Lumberjack Lager","THECR","","","","$42.00"
"Longlife Tofu","FRANS","","","","$50.00"
"Longlife Tofu","HILAA","$128.00","","",""
"Longlife Tofu","MEREP","$240.00","","",""
"Longlife Tofu","QUICK","$120.00","","",""
"Longlife Tofu","VICTE","","","","$112.50"
"Longlife Tofu","WARTH","","","","$350.00"
"Louisiana Fiery Hot Pepper Sauce","BONAP","","","","$199.97"
"Louisiana Fiery Hot Pepper Sauce","ERNSH","","$820.95","","$1,299.84"
"Louisiana Fiery Hot Pepper Sauce","FRANR","","","$252.60",""
"Louisiana Fiery Hot Pepper Sauce","FURIB","","","$268.39",""
"Louisiana Fiery Hot Pepper Sauce","HANAR","","$682.02","",""
"Louisiana Fiery Hot Pepper Sauce","HUNGO","","$421.00","","$842.00"
"Louisiana Fiery Hot Pepper Sauce","LAMAI","","$226.80","",""
"Louisiana Fiery Hot Pepper Sauce","LINOD","","","$442.05",""
"Louisiana Fiery Hot Pepper Sauce","OTTIK","","$599.92","",""
"Louisiana Fiery Hot Pepper Sauce","PICCO","","","$202.08",""
"Louisiana Fiery Hot Pepper Sauce","QUICK","$423.36","","","$1,515.60"
"Louisiana Fiery Hot Pepper Sauce","RATTC","$336.00","","",""
"Louisiana Fiery Hot Pepper Sauce","RICAR","$588.00","","",""
"Louisiana Fiery Hot Pepper Sauce","RICSU","","","$210.50",""
"Louisiana Fiery Hot Pepper Sauce","VICTE","","","","$42.10"
"Louisiana Hot Spiced Okra","ANTON","","","$68.00",""
"Louisiana Hot Spiced Okra","EASTC","","$408.00","",""
"Louisiana Hot Spiced Okra","ERNSH","$816.00","","",""
"Louisiana Hot Spiced Okra","FOLKO","","","","$850.00"
"Louisiana Hot Spiced Okra","LAMAI","","$122.40","",""
"Louisiana Hot Spiced Okra","SUPRD","$693.60","","",""
"Manjimup Dried Apples","AROUT","","$1,060.00","",""
"Manjimup Dried Apples","BONAP","","","$1,007.00",""
"Manjimup Dried Apples","BSBEV","$127.20","","",""
"Manjimup Dried Apples","CHOPS","","","","$1,510.50"
"Manjimup Dried Apples","ERNSH","","","","$6,042.00"
"Manjimup Dried Apples","FOLIG","","","$795.00",""
"Manjimup Dried Apples","FOLKO","","$2,650.00","","$1,484.00"
"Manjimup Dried Apples","GOURL","","","","$1,484.00"
"Manjimup Dried Apples","HILAA","$1,060.00","","",""
"Manjimup Dried Apples","HUNGO","","$159.00","",""
"Manjimup Dried Apples","LONEP","","","$1,060.00",""
"Manjimup Dried Apples","QUICK","","$2,162.40","",""
"Manjimup Dried Apples","RANCH","","","","$371.00"
"Manjimup Dried Apples","RICSU","","$318.00","",""
"Manjimup Dried Apples","SAVEA","","$848.00","",""
"Manjimup Dried Apples","SEVES","$763.20","","","$477.00"
"Manjimup Dried Apples","SIMOB","","","","$1,192.50"
"Mascarpone Fabioli","ANATR","","","","$320.00"
"Mascarpone Fabioli","BERGS","","$288.00","",""
"Mascarpone Fabioli","HILAA","","","","$128.00"
"Mascarpone Fabioli","SEVES","","$652.80","",""
"Mascarpone Fabioli","WANDK","","$1,280.00","",""
"Maxilaku","BSBEV","","$120.00","",""
"Maxilaku","EASTC","$480.00","","",""
"Maxilaku","KOENE","$285.60","","",""
"Maxilaku","LILAS","","$500.00","",""
"Maxilaku","MAGAA","$456.00","","",""
"Maxilaku","RICAR","$384.00","","",""
"Maxilaku","SAVEA","","","$835.00",""
"Maxilaku","SEVES","","","","$68.00"
"Mishi Kobe Niku","HUNGO","","","$3,637.50",""
"Mishi Kobe Niku","QUICK","","$1,319.20","",""
"Mishi Kobe Niku","WELLI","$1,396.80","","",""
"Mishi Kobe Niku","WHITC","","","","$582.00"
"Mozzarella di Giovanni","BOTTM","","","","$1,218.00"
"Mozzarella di Giovanni","BSBEV","","$34.80","",""
"Mozzarella di Giovanni","CONSH","$278.00","","",""
"Mozzarella di Giovanni","FOLKO","","$835.20","",""
"Mozzarella di Giovanni","GREAL","","$313.20","",""
"Mozzarella di Giovanni","ISLAT","","","","$348.00"
"Mozzarella di Giovanni","LEHMS","","$695.00","",""
"Mozzarella di Giovanni","LINOD","","","$2,088.00",""
"Mozzarella di Giovanni","MAGAA","","","","$887.40"
"Mozzarella di Giovanni","MAISD","","","$522.00",""
"Mozzarella di Giovanni","MORGK","","$1,044.00","",""
"Mozzarella di Giovanni","QUICK","","","","$243.60"
"Mozzarella di Giovanni","RICSU","","$730.80","",""
"Mozzarella di Giovanni","SAVEA","","","$417.60",""
"Mozzarella di Giovanni","SIMOB","","$835.20","",""
"Mozzarella di Giovanni","VICTE","$1,112.00","","",""
"Nord-Ost Matjeshering","BERGS","","$258.90","",""
"Nord-Ost Matjeshering","EASTC","","$388.35","",""
"Nord-Ost Matjeshering","FAMIA","","","$776.70",""
"Nord-Ost Matjeshering","FRANK","","$517.80","",""
"Nord-Ost Matjeshering","GOURL","","","$38.84","$388.35"
"Nord-Ost Matjeshering","KOENE","$165.60","","",""
"Nord-Ost Matjeshering","LEHMS","","$673.14","",""
"Nord-Ost Matjeshering","LETSS","","","","$58.25"
"Nord-Ost Matjeshering","LILAS","$434.70","","",""
"Nord-Ost Matjeshering","QUEEN","","","","$699.03"
"Nord-Ost Matjeshering","RATTC","$372.60","","",""
"Nord-Ost Matjeshering","RICSU","","","","$776.70"
"Nord-Ost Matjeshering","SIMOB","","","","$485.44"
"Northwoods Cranberry Sauce","BONAP","","$340.00","",""
"Northwoods Cranberry Sauce","GOURL","","","","$1,600.00"
"Northwoods Cranberry Sauce","LEHMS","","$960.00","",""
"Northwoods Cranberry Sauce","QUEEN","","","","$960.00"
"Northwoods Cranberry Sauce","WILMK","","","","$400.00"
"NuNuCa Nuß-Nougat-Creme","BOTTM","","$638.40","",""
"NuNuCa Nuß-Nougat-Creme","KOENE","","$226.80","",""
"NuNuCa Nuß-Nougat-Creme","MAGAA","$134.40","","",""
"NuNuCa Nuß-Nougat-Creme","MAISD","","","","$126.00"
"NuNuCa Nuß-Nougat-Creme","RATTC","","","","$367.50"
"NuNuCa Nuß-Nougat-Creme","WELLI","","","","$199.50"
"Original Frankfurter grüne Soße","FURIB","$61.88","","",""
"Original Frankfurter grüne Soße","HANAR","","","","$292.50"
"Original Frankfurter grüne Soße","HUNGO","","","$341.25",""
"Original Frankfurter grüne Soße","LAUGB","","$52.00","",""
"Original Frankfurter grüne Soße","LEHMS","","$260.00","",""
"Original Frankfurter grüne Soße","LETSS","","","","$23.40"
"Original Frankfurter grüne Soße","LILAS","","","","$195.00"
"Original Frankfurter grüne Soße","MEREP","","","$741.00",""
"Original Frankfurter grüne Soße","OTTIK","","$123.50","",""
"Original Frankfurter grüne Soße","QUEDE","$88.40","","$260.00",""
"Original Frankfurter grüne Soße","QUICK","$514.80","","$864.50",""
"Original Frankfurter grüne Soße","SIMOB","$364.00","","",""
"Original Frankfurter grüne Soße","TRAIH","","$234.00","",""
"Original Frankfurter grüne Soße","VAFFE","","","$48.75",""
"Original Frankfurter grüne Soße","WHITC","$296.40","","",""
"Outback Lager","AROUT","$270.00","","","$357.00"
"Outback Lager","BSBEV","","$105.00","",""
"Outback Lager","ERNSH","","","","$114.00"
"Outback Lager","GREAL","","","$213.75",""
"Outback Lager","HILAA","$144.00","","",""
"Outback Lager","ISLAT","","","$300.00",""
"Outback Lager","KOENE","","$189.00","",""
"Outback Lager","LILAS","","","","$525.00"
"Outback Lager","LINOD","$648.00","","","$337.50"
"Outback Lager","NORTS","","$90.00","",""
"Outback Lager","QUEEN","","","$570.00",""
"Outback Lager","QUICK","","","","$750.00"
"Outback Lager","RICSU","","","","$600.00"
"Outback Lager","WANDK","","","$168.75",""
"Outback Lager","WELLI","$86.40","","",""
"Pâté chinois","AROUT","","","","$504.00"
"Pâté chinois","BLONP","","$410.40","",""
"Pâté chinois","FAMIA","","","","$144.00"
"Pâté chinois","HILAA","$36.48","","",""
"Pâté chinois","KOENE","","","$273.60",""
"Pâté chinois","LAMAI","$144.00","","",""
"Pâté chinois","LILAS","$864.00","","",""
"Pâté chinois","LINOD","$518.40","","",""
"Pâté chinois","MAISD","","$336.00","",""
"Pâté chinois","QUEEN","","","","$288.00"
"Pâté chinois","QUICK","$2,073.60","","",""
"Pâté chinois","RATTC","","$570.00","",""
"Pâté chinois","SIMOB","","","","$1,080.00"
"Pâté chinois","TRADH","","","$384.00",""
"Pâté chinois","WANDK","","","$86.40",""
"Pâté chinois","WILMK","","","$120.00",""
"Pavlova","BERGS","","$188.46","",""
"Pavlova","BONAP","","","","$248.66"
"Pavlova","ERNSH","$248.11","","","$1,134.25"
"Pavlova","FRANK","","","$471.15",""
"Pavlova","FRANR","","","$174.50",""
"Pavlova","FURIB","","$593.30","",""
"Pavlova","KOENE","","","","$349.00"
"Pavlova","LAMAI","$222.40","","",""
"Pavlova","MEREP","$222.40","","$497.32",""
"Pavlova","MORGK","","","","$349.00"
"Pavlova","OLDWO","","","$654.38","$349.00"
"Pavlova","OTTIK","","$497.32","",""
"Pavlova","PICCO","$250.20","","",""
"Pavlova","QUICK","","$872.50","",""
"Pavlova","SAVEA","$578.93","","",""
"Pavlova","SPECD","","","","$52.35"
"Pavlova","WARTH","","$244.30","",""
"Pavlova","WHITC","$413.52","","",""
"Pavlova","WILMK","","","$52.35",""
"Perth Pasties","ANTON","","$820.00","",""
"Perth Pasties","AROUT","","$590.40","",""
"Perth Pasties","BERGS","","","$393.60",""
"Perth Pasties","FAMIA","","","$779.00",""
"Perth Pasties","FRANK","","","$328.00",""
"Perth Pasties","HUNGO","","","","$93.48"
"Perth Pasties","PERIC","","$196.80","",""
"Perth Pasties","QUEDE","$334.05","","",""
"Perth Pasties","RATTC","$733.60","","",""
"Perth Pasties","SANTG","","$164.00","",""
"Perth Pasties","SAVEA","","","","$3,936.00"
"Perth Pasties","WARTH","$1,965.00","","",""
"Perth Pasties","WHITC","","$328.00","",""
"Queso Cabrales","ANTON","","$945.00","",""
"Queso Cabrales","BLAUS","","","$294.00",""
"Queso Cabrales","BLONP","","$624.75","",""
"Queso Cabrales","COMMI","$168.00","","",""
"Queso Cabrales","DRACD","","","","$420.00"
"Queso Cabrales","EASTC","","","","$105.00"
"Queso Cabrales","ERNSH","$504.00","","","$315.00"
"Queso Cabrales","FOLKO","$100.80","","",""
"Queso Cabrales","GREAL","","$63.00","",""
"Queso Cabrales","HANAR","","","","$236.25"
"Queso Cabrales","HILAA","$84.00","","",""
"Queso Cabrales","KOENE","","$299.25","",""
"Queso Cabrales","LAZYK","","$210.00","",""
"Queso Cabrales","MEREP","","$299.25","",""
"Queso Cabrales","OTTIK","$504.00","","",""
"Queso Cabrales","PICCO","$189.00","","",""
"Queso Cabrales","QUEEN","","","$210.00",""
"Queso Cabrales","REGGC","$80.64","","",""
"Queso Cabrales","SEVES","","","","$945.00"
"Queso Cabrales","WARTH","","$315.00","",""
"Queso Manchego La Pastora","ERNSH","","","$1,162.80",""
"Queso Manchego La Pastora","KOENE","","","","$1,368.00"
"Queso Manchego La Pastora","LEHMS","","$427.50","",""
"Queso Manchego La Pastora","LILAS","","$969.00","",""
"Queso Manchego La Pastora","MEREP","$456.00","","",""
"Queso Manchego La Pastora","SAVEA","","","$3,800.00",""
"Queso Manchego La Pastora","WILMK","","","","$152.00"
"Raclette Courdavault","ANTON","","$742.50","",""
"Raclette Courdavault","BLONP","","","$660.00",""
"Raclette Courdavault","BOTTM","$1,020.80","","",""
"Raclette Courdavault","ERNSH","$2,464.00","","",""
"Raclette Courdavault","FOLIG","$528.00","","",""
"Raclette Courdavault","FOLKO","","","","$1,925.00"
"Raclette Courdavault","FRANK","$1,320.00","","",""
"Raclette Courdavault","GOURL","$880.00","","",""
"Raclette Courdavault","GREAL","","","$1,402.50",""
"Raclette Courdavault","HILAA","$2,640.00","","$1,925.00",""
"Raclette Courdavault","HUNGO","","$1,760.00","","$1,963.50"
"Raclette Courdavault","ISLAT","","","","$330.00"
"Raclette Courdavault","KOENE","$1,584.00","","","$1,375.00"
"Raclette Courdavault","LEHMS","","","","$1,375.00"
"Raclette Courdavault","LONEP","","","$55.00",""
"Raclette Courdavault","MEREP","","","$1,045.00",""
"Raclette Courdavault","MORGK","","$660.00","",""
"Raclette Courdavault","NORTS","","$220.00","",""
"Raclette Courdavault","OCEAN","","$110.00","",""
"Raclette Courdavault","OLDWO","","","","$440.00"
"Raclette Courdavault","QUICK","","","","$3,850.00"
"Raclette Courdavault","RATTC","$2,640.00","","",""
"Raclette Courdavault","REGGC","","","","$522.50"
"Raclette Courdavault","SAVEA","","","","$385.00"
"Raclette Courdavault","WARTH","","","","$1,168.75"
"Raclette Courdavault","WELLI","","","","$783.75"
"Ravioli Angelo","ANTON","","$87.75","",""
"Ravioli Angelo","AROUT","","","","$780.00"
"Ravioli Angelo","BLAUS","","$78.00","",""
"Ravioli Angelo","BONAP","","","","$204.75"
"Ravioli Angelo","BSBEV","","$117.00","",""
"Ravioli Angelo","PICCO","","","$390.00",""
"Ravioli Angelo","TOMSP","$187.20","","",""
"Ravioli Angelo","WARTH","$312.00","","",""
"Rhönbräu Klosterbier","ANTON","","","$232.50",""
"Rhönbräu Klosterbier","BERGS","","$104.62","",""
"Rhönbräu Klosterbier","BLONP","$133.92","","",""
"Rhönbräu Klosterbier","ERNSH","","$387.50","","$43.40"
"Rhönbräu Klosterbier","FAMIA","","$310.00","",""
"Rhönbräu Klosterbier","FOLIG","","","$15.50",""
"Rhönbräu Klosterbier","FOLKO","$18.60","","",""
"Rhönbräu Klosterbier","FRANK","","","$193.75",""
"Rhönbräu Klosterbier","GROSR","","","","$77.50"
"Rhönbräu Klosterbier","HILAA","$223.20","$232.50","$310.00",""
"Rhönbräu Klosterbier","HUNGO","","","","$155.00"
"Rhönbräu Klosterbier","LAMAI","","","$55.80",""
"Rhönbräu Klosterbier","LEHMS","","$155.00","",""
"Rhönbräu Klosterbier","LETSS","","$162.75","",""
"Rhönbräu Klosterbier","PERIC","$62.00","","",""
"Rhönbräu Klosterbier","QUEEN","","","","$260.40"
"Rhönbräu Klosterbier","QUICK","","","","$294.50"
"Rhönbräu Klosterbier","RATTC","","","","$139.50"
"Rhönbräu Klosterbier","SAVEA","","$251.10","","$325.50"
"Rhönbräu Klosterbier","TRAIH","","$155.00","",""
"Rhönbräu Klosterbier","WHITC","","","$186.00",""
"Röd Kaviar","AROUT","","$45.00","",""
"Röd Kaviar","FOLKO","","$342.00","","$525.00"
"Röd Kaviar","FRANK","$192.00","","$750.00",""
"Röd Kaviar","HUNGC","","","$450.00",""
"Röd Kaviar","RICSU","","$135.00","","$225.00"
"Röd Kaviar","SAVEA","","","$446.25",""
"Röd Kaviar","WELLI","$216.00","","",""
"Röd Kaviar","WHITC","","","","$191.25"
"Røgede sild","ERNSH","","","","$243.67"
"Røgede sild","FRANS","","","","$38.00"
"Røgede sild","LINOD","","","$190.00",""
"Røgede sild","PERIC","","$199.50","",""
"Røgede sild","QUICK","","$807.50","",""
"Røgede sild","SAVEA","","","","$1,045.00"
"Røgede sild","VAFFE","$205.20","","",""
"Røgede sild","WARTH","","","","$323.00"
"Røgede sild","WHITC","","","","$304.00"
"Rössle Sauerkraut","ALFKI","","","$513.00",""
"Rössle Sauerkraut","BERGS","","","","$912.00"
"Rössle Sauerkraut","BLAUS","","$136.80","",""
"Rössle Sauerkraut","ERNSH","","$1,596.00","",""
"Rössle Sauerkraut","LAMAI","","$346.56","",""
"Rössle Sauerkraut","LILAS","","$912.00","",""
"Rössle Sauerkraut","LONEP","","$319.20","",""
"Rössle Sauerkraut","MAISD","","","$912.00",""
"Rössle Sauerkraut","PERIC","$655.20","","",""
"Rössle Sauerkraut","QUEEN","$1,375.92","","",""
"Rössle Sauerkraut","REGGC","$436.80","","",""
"Rössle Sauerkraut","SAVEA","$546.00","","",""
"Rössle Sauerkraut","SEVES","","","","$1,094.40"
"Rössle Sauerkraut","SUPRD","$1,092.00","","",""
"Rössle Sauerkraut","THECR","","","$456.00",""
"Rössle Sauerkraut","VAFFE","","","","$2,462.40"
"Rössle Sauerkraut","WHITC","","","","$182.40"
"Sasquatch Ale","ANTON","","$560.00","",""
"Sasquatch Ale","SAVEA","","","","$554.40"
"Sasquatch Ale","THEBI","","","","$140.00"
"Sasquatch Ale","TOMSP","$179.20","$105.00","",""
"Sasquatch Ale","VAFFE","","","","$196.00"
"Sasquatch Ale","WHITC","$372.40","","",""
"Schoggi Schokolade","MAISD","","","","$1,756.00"
"Schoggi Schokolade","OLDWO","$1,755.00","","",""
"Schoggi Schokolade","QUICK","","$5,268.00","",""
"Schoggi Schokolade","RATTC","","","$2,195.00",""
"Scottish Longbreads","CACTU","","$75.00","",""
"Scottish Longbreads","FOLIG","","","","$225.00"
"Scottish Longbreads","FOLKO","$157.50","","",""
"Scottish Longbreads","HILAA","$300.00","","",""
"Scottish Longbreads","LONEP","","","$125.00",""
"Scottish Longbreads","MAISD","","$250.00","",""
"Scottish Longbreads","MEREP","$240.00","","$187.50",""
"Scottish Longbreads","OTTIK","","","","$500.00"
"Scottish Longbreads","QUICK","","$437.50","",""
"Scottish Longbreads","RICAR","","","$180.00",""
"Scottish Longbreads","SAVEA","","","","$962.50"
"Scottish Longbreads","SIMOB","$270.00","","",""
"Scottish Longbreads","SPLIR","","","","$60.00"
"Scottish Longbreads","WOLZA","","","","$187.50"
"Singaporean Hokkien Fried Mee","ANATR","","","$70.00",""
"Singaporean Hokkien Fried Mee","BONAP","","","$399.00",""
"Singaporean Hokkien Fried Mee","BOTTM","","$212.80","",""
"Singaporean Hokkien Fried Mee","CHOPS","","","","$392.00"
"Singaporean Hokkien Fried Mee","ERNSH","","$333.20","","$159.60"
"Singaporean Hokkien Fried Mee","GOURL","","","$280.00","$224.00"
"Singaporean Hokkien Fried Mee","HILAA","","$420.00","",""
"Singaporean Hokkien Fried Mee","HUNGO","","$280.00","",""
"Singaporean Hokkien Fried Mee","MAGAA","$425.60","","",""
"Singaporean Hokkien Fried Mee","OLDWO","","","$420.00",""
"Singaporean Hokkien Fried Mee","QUICK","","","$1,120.00",""
"Singaporean Hokkien Fried Mee","SUPRD","$560.00","","","$28.00"
"Singaporean Hokkien Fried Mee","WILMK","","","$84.00",""
"Sir Rodney's Marmalade","ERNSH","","$3,159.00","",""
"Sir Rodney's Marmalade","HUNGC","","","$1,701.00",""
"Sir Rodney's Marmalade","LEHMS","","","$1,360.80",""
"Sir Rodney's Marmalade","SEVES","","$1,093.50","",""
"Sir Rodney's Scones","BLAUS","","","$80.00",""
"Sir Rodney's Scones","BSBEV","$112.00","$150.00","",""
"Sir Rodney's Scones","CHOPS","","","","$380.00"
"Sir Rodney's Scones","DUMON","","","$60.00",""
"Sir Rodney's Scones","ERNSH","$400.00","","",""
"Sir Rodney's Scones","FOLIG","","","","$400.00"
"Sir Rodney's Scones","FRANK","","","$225.00","$304.00"
"Sir Rodney's Scones","GODOS","","$54.00","",""
"Sir Rodney's Scones","GREAL","","","$108.00",""
"Sir Rodney's Scones","KOENE","$272.00","","",""
"Sir Rodney's Scones","LILAS","$240.00","","",""
"Sir Rodney's Scones","LINOD","","","","$300.00"
"Sir Rodney's Scones","MEREP","","","$420.00",""
"Sir Rodney's Scones","OCEAN","$96.00","","",""
"Sir Rodney's Scones","PRINI","$126.00","","",""
"Sir Rodney's Scones","QUEEN","$216.00","","",""
"Sir Rodney's Scones","QUICK","","","$600.00",""
"Sir Rodney's Scones","RANCH","","","","$50.00"
"Sir Rodney's Scones","SIMOB","","","$240.00",""
"Sir Rodney's Scones","WANDK","","$320.00","",""
"Sir Rodney's Scones","WHITC","","$120.00","",""
"Sirop d'érable","ERNSH","","","$2,565.00",""
"Sirop d'érable","GODOS","","$256.50","",""
"Sirop d'érable","LETSS","","","","$513.00"
"Sirop d'érable","MEREP","","","","$142.50"
"Sirop d'érable","PICCO","","$570.00","",""
"Sirop d'érable","QUICK","$364.80","","",""
"Sirop d'érable","RANCH","","","","$285.00"
"Sirop d'érable","SAVEA","$1,744.20","","",""
"Sirop d'érable","SIMOB","","","$456.00",""
"Sirop d'érable","VAFFE","","","","$570.00"
"Sirop d'érable","WANDK","","$342.00","",""
"Sirop d'érable","WARTH","$570.00","","",""
"Sirop d'érable","WHITC","","$712.50","",""
"Spegesild","ALFKI","","","$18.00",""
"Spegesild","AROUT","","","","$319.20"
"Spegesild","BLONP","$48.00","","",""
"Spegesild","COMMI","$48.00","","",""
"Spegesild","FAMIA","","$91.80","",""
"Spegesild","FRANK","","","$720.00",""
"Spegesild","LAMAI","$76.80","","",""
"Spegesild","REGGC","$192.00","","",""
"Spegesild","SAVEA","","","$540.00","$288.00"
"Spegesild","SIMOB","$14.40","","",""
"Spegesild","VICTE","$182.40","","",""
"Spegesild","WELLI","","","$226.80",""
"Spegesild","WHITC","","","","$216.00"
"Steeleye Stout","BERGS","$115.20","","",""
"Steeleye Stout","BSBEV","","$360.00","",""
"Steeleye Stout","CACTU","","$54.00","",""
"Steeleye Stout","EASTC","$504.00","","",""
"Steeleye Stout","ERNSH","","","$405.00",""
"Steeleye Stout","FOLIG","","","","$270.00"
"Steeleye Stout","FRANK","","","$486.00",""
"Steeleye Stout","FURIB","","$306.00","",""
"Steeleye Stout","GREAL","","","$72.00",""
"Steeleye Stout","LINOD","","","","$121.50"
"Steeleye Stout","MEREP","$691.20","","",""
"Steeleye Stout","QUEDE","","","$360.00","$378.00"
"Steeleye Stout","VICTE","","$540.00","",""
"Steeleye Stout","WARTH","","$108.00","",""
"Steeleye Stout","WHITC","","","","$504.00"
"Tarte au sucre","BLONP","$1,379.00","","",""
"Tarte au sucre","BSBEV","","","$493.00",""
"Tarte au sucre","CHOPS","","","","$443.70"
"Tarte au sucre","ERNSH","","","$3,352.40",""
"Tarte au sucre","FOLIG","$1,379.00","","",""
"Tarte au sucre","FRANK","","$554.62","",""
"Tarte au sucre","FRANR","","","$493.00",""
"Tarte au sucre","ISLAT","","","","$98.60"
"Tarte au sucre","KOENE","","","","$986.00"
"Tarte au sucre","LAMAI","$1,576.00","","",""
"Tarte au sucre","MEREP","","$147.90","",""
"Tarte au sucre","MORGK","","","","$986.00"
"Tarte au sucre","OTTIK","","$936.70","",""
"Tarte au sucre","QUICK","","","","$2,366.40"
"Tarte au sucre","REGGC","","$443.70","",""
"Tarte au sucre","SAVEA","","","$739.50","$1,479.00"
"Tarte au sucre","SIMOB","","","","$184.87"
"Tarte au sucre","TRADH","","","$394.40",""
"Tarte au sucre","TRAIH","","$493.00","",""
"Tarte au sucre","VAFFE","","","","$739.50"
"Tarte au sucre","VICTE","","$1,972.00","",""
"Teatime Chocolate Biscuits","FAMIA","$124.83","","",""
"Teatime Chocolate Biscuits","FRANK","","","$124.20",""
"Teatime Chocolate Biscuits","FRANS","","","","$46.00"
"Teatime Chocolate Biscuits","GODOS","","$92.00","",""
"Teatime Chocolate Biscuits","GREAL","","","$248.40",""
"Teatime Chocolate Biscuits","ISLAT","","","$46.00",""
"Teatime Chocolate Biscuits","LINOD","","","","$48.30"
"Teatime Chocolate Biscuits","QUEDE","$24.82","","$276.00",""
"Teatime Chocolate Biscuits","QUEEN","$36.50","","",""
"Teatime Chocolate Biscuits","QUICK","","","","$437.00"
"Teatime Chocolate Biscuits","RICAR","$292.00","","",""
"Teatime Chocolate Biscuits","SAVEA","","$257.60","","$110.40"
"Teatime Chocolate Biscuits","SUPRD","$153.30","","",""
"Teatime Chocolate Biscuits","TOMSP","$166.44","","",""
"Teatime Chocolate Biscuits","TORTU","","","$64.40",""
"Teatime Chocolate Biscuits","WANDK","","","$82.80",""
"Teatime Chocolate Biscuits","WARTH","$146.00","","",""
"Teatime Chocolate Biscuits","WELLI","","","","$209.76"
"Thüringer Rostbratwurst","BOLID","","","","$1,856.85"
"Thüringer Rostbratwurst","EASTC","$2,079.00","","",""
"Thüringer Rostbratwurst","ERNSH","","","","$1,411.21"
"Thüringer Rostbratwurst","FRANK","","","","$1,646.41"
"Thüringer Rostbratwurst","GODOS","","","$2,475.80",""
"Thüringer Rostbratwurst","HUNGO","","","$1,237.90",""
"Thüringer Rostbratwurst","LAMAI","","","","$2,352.01"
"Thüringer Rostbratwurst","LEHMS","","","","$2,228.22"
"Thüringer Rostbratwurst","QUICK","","","","$4,951.60"
"Thüringer Rostbratwurst","RICSU","","","$4,456.44",""
"Thüringer Rostbratwurst","SAVEA","$2,019.60","$4,456.44","",""
"Thüringer Rostbratwurst","THECR","","","$742.74",""
"Thüringer Rostbratwurst","VAFFE","$1,603.80","","",""
"Thüringer Rostbratwurst","WARTH","","$1,237.90","",""
"Tofu","ANATR","","","$69.75",""
"Tofu","BERGS","","","","$372.00"
"Tofu","ERNSH","","$217.39","",""
"Tofu","FRANK","","","$1,185.75",""
"Tofu","GREAL","","","$62.77",""
"Tofu","HUNGO","","$1,627.50","",""
"Tofu","OCEAN","$223.20","","",""
"Tofu","OTTIK","","$331.31","",""
"Tofu","PERIC","$223.20","","",""
"Tofu","PICCO","$651.00","","",""
"Tofu","QUEDE","","","","$279.00"
"Tofu","SAVEA","","$558.00","",""
"Tofu","WARTH","$334.80","","","$98.81"
"Tourtière","BERGS","$88.50","$111.75","$40.23",""
"Tourtière","BLAUS","","$149.00","",""
"Tourtière","ERNSH","$472.00","","",""
"Tourtière","FAMIA","","","$223.50",""
"Tourtière","FOLIG","$35.40","","",""
"Tourtière","FRANK","","","","$111.75"
"Tourtière","HUNGC","","","$29.80",""
"Tourtière","KOENE","","$169.86","",""
"Tourtière","LEHMS","","$59.60","",""
"Tourtière","LETSS","","","","$223.50"
"Tourtière","QUEDE","","","","$35.76"
"Tourtière","QUEEN","$106.20","","",""
"Tourtière","SAVEA","","","$223.50",""
"Tourtière","SEVES","","","","$46.93"
"Tourtière","SPLIR","$236.00","","",""
"Tourtière","VAFFE","","","$372.50",""
"Tourtière","VICTE","$28.32","","",""
"Tourtière","WARTH","","","","$17.88"
"Tourtière","WHITC","","","","$379.95"
"Tourtière","WOLZA","","","","$22.35"
"Tunnbröd","BONAP","$108.00","","",""
"Tunnbröd","CONSH","$151.20","","",""
"Tunnbröd","ERNSH","$432.00","","",""
"Tunnbröd","FRANK","","","$288.00",""
"Tunnbröd","ISLAT","","","$135.00",""
"Tunnbröd","LAUGB","","$72.00","",""
"Tunnbröd","LILAS","","$535.50","",""
"Tunnbröd","OTTIK","","$171.00","",""
"Tunnbröd","SAVEA","","","","$396.00"
"Uncle Bob's Organic Dried Pears","BONAP","","$1,275.00","",""
"Uncle Bob's Organic Dried Pears","BSBEV","$720.00","","",""
"Uncle Bob's Organic Dried Pears","FOLIG","","","$1,050.00",""
"Uncle Bob's Organic Dried Pears","GOURL","","","","$76.50"
"Uncle Bob's Organic Dried Pears","OTTIK","","","","$1,050.00"
"Uncle Bob's Organic Dried Pears","QUICK","","","","$2,700.00"
"Uncle Bob's Organic Dried Pears","SAVEA","","","$1,350.00",""
"Uncle Bob's Organic Dried Pears","VAFFE","","","$300.00",""
"Uncle Bob's Organic Dried Pears","VICTE","$364.80","$300.00","",""
"Valkoinen suklaa","HUNGO","$520.00","","",""
"Valkoinen suklaa","LINOD","","","","$650.00"
"Valkoinen suklaa","QUEEN","","","$385.94",""
"Valkoinen suklaa","RICSU","","","","$292.50"
"Valkoinen suklaa","VAFFE","$325.00","","",""
"Vegie-spread","ALFKI","","","","$878.00"
"Vegie-spread","ERNSH","$2,281.50","","",""
"Vegie-spread","FOLIG","","","","$1,317.00"
"Vegie-spread","HUNGO","$921.37","","",""
"Vegie-spread","MORGK","","$263.40","",""
"Vegie-spread","PICCO","","","","$395.10"
"Vegie-spread","WHITC","","","$842.88",""
"Wimmers gute Semmelknödel","BLONP","$718.20","","",""
"Wimmers gute Semmelknödel","BONAP","$212.80","","",""
"Wimmers gute Semmelknödel","GALED","$186.20","","",""
"Wimmers gute Semmelknödel","GODOS","","","$299.25",""
"Wimmers gute Semmelknödel","GREAL","","","$931.00",""
"Wimmers gute Semmelknödel","HILAA","","","","$931.00"
"Wimmers gute Semmelknödel","LEHMS","","$997.50","",""
"Wimmers gute Semmelknödel","MEREP","$159.60","$538.65","",""
"Wimmers gute Semmelknödel","QUICK","$837.90","","",""
"Wimmers gute Semmelknödel","RATTC","$798.00","","",""
"Wimmers gute Semmelknödel","SAVEA","","","","$798.00"
"Wimmers gute Semmelknödel","TRAIH","","$199.50","",""
"Wimmers gute Semmelknödel","WANDK","","","$448.87",""
"Zaanse koeken","AROUT","","$237.50","",""
"Zaanse koeken","BONAP","","","","$213.75"
"Zaanse koeken","BOTTM","$171.00","","",""
"Zaanse koeken","FAMIA","","$48.45","",""
"Zaanse koeken","FOLIG","$228.00","","",""
"Zaanse koeken","FOLKO","","","","$285.00"
"Zaanse koeken","FRANS","","","","$47.50"
"Zaanse koeken","GOURL","","","$142.50",""
"Zaanse koeken","GREAL","","","$51.30",""
"Zaanse koeken","MORGK","","","","$114.00"
"Zaanse koeken","OTTIK","","","$380.00",""
"Zaanse koeken","QUICK","$418.00","","",""
"Zaanse koeken","SAVEA","","","$95.00","$356.25"
"Zaanse koeken","WELLI","","","$142.50",""
